os,data_os,carro,placa,tecnico,valor,servico,idclie,status,lista_servicos
33,"2024-10-21 21:00:00","Citroen C3 2009",EFC9941,Wilson,1166.00,"KM: 205.508
Peça "ventoinha" fornecida pelo(a) cliente",36,Finalizado,"[{"name":"4 litros de óleo","price":197},{"name":"M.O troca de óleo","price":150},{"name":"filtro de óleo","price":39},{"name":"filtro de combustível","price":23},{"name":"filtro de ar do motor","price":54},{"name":"flange da bomba de combustível","price":88},{"name":"M.O Flange da bomba","price":150},{"name":"pivô lado direito","price":110},{"name":"M.O pivô","price":90},{"name":"sensor de nível do combustível","price":175},{"name":"ventoinha do radiador","price":0},{"name":"M.O da ventoinha","price":90}]"
34,"2024-10-29 21:00:00","hyundai tucson 2015",ffn4298,Wilson,2253.00,"KM 102957",38,Finalizado,"[{"name":"M.O troca de disco e pasilha dianteira","price":240},{"name":"M.O troca de disco e pastilhas traseiro","price":220},{"name":"discos dianteiro","price":550},{"name":"discos traseiros","price":535},{"name":"pastilhas dianteira","price":397},{"name":"pastilhas traseira","price":311}]"
35,"2024-10-29 21:00:00","sandero 2018",QOF1214,carlos,686.00,"KM 228609
pago  ",39,Finalizado,"[{"name":"troca de oleo e filtro e limpeza com mega flushing","price":60},{"name":"4 litros de oleo 5W40","price":312},{"name":"filtro de oleo","price":30},{"name":"mega flushing","price":284}]"
36,"2024-10-31 21:00:00","volvo v40 t3 2016",FPK9D81,carlos,1959.00,"KM 82581",40,Finalizado,"[{"name":"diagnostico e troca da membrana do pumao","price":180},{"name":"troca dos coxin superior diantero do amortecedor","price":460},{"name":"troca dos filtro de ar do motor e de combustivel","price":80},{"name":"PEÇAS","price":0},{"name":"membrana do pumão","price":150},{"name":"Dois coxin dos amortecedor dianteiro","price":657},{"name":"filtro de ar do motor","price":240},{"name":"filtro de combustivel","price":192}]"
37,"2024-11-04 10:04:01","volksvagem gol 99 ",cof0163,Wilson,2479.00,"KM 186701",41,Finalizado,"[{"name":"revisao de oleo e filtros","price":160},{"name":"troca da alavanca do freio de mao","price":320},{"name":"troca do kit correia dentada","price":420},{"name":"troca do cabo de embreagem","price":120},{"name":"PEÇAS","price":0},{"name":"filro de ar do motor","price":42},{"name":"bateria moura","price":570},{"name":"alavanca do freio de mao","price":257},{"name":"filtro de oleo","price":32},{"name":"filtro de combustivel","price":37},{"name":"4 litros de oleo","price":192},{"name":"kit correia dentada","price":204},{"name":"suporte da bateria","price":28},{"name":"cabo de embreagem","price":97}]"
39,"2024-11-03 21:00:00","nissan livina 2010",mzv7d62,Wilson,260.00,"KM 140855",42,Finalizado,"[{"name":"4 bobinas de ignicao","price":0},{"name":"jogo de velas","price":0},{"name":"higienizacao do ar condicionado","price":120},{"name":"m.o troca de bobinas e velas","price":140}]"
40,"2024-11-04 16:21:06","honda civic 2004 ",DOC9F03,carlos,1223.00,"junta do vtec fornecida pelo cliente
KM 245910",43,Finalizado,"[{"name":"Revisao de oleo e filtro","price":160},{"name":"Troca das pastilhas diantera","price":120},{"name":"Troca da junta do vtec","price":120},{"name":"Peças","price":0},{"name":"4 litros de oleo 10W40","price":331},{"name":"filtro de oleo","price":42},{"name":"filtro de ar do motor","price":68},{"name":"jogo de pastilhas","price":382}]"
41,"2024-11-05 09:37:14","ford fiesta 2008",dxp-818,Wilson,520.00,"KM 159179",44,Finalizado,"[{"name":"troca do batente superior do amortecedor dianteiro direityo","price":180},{"name":"PECAS","price":0},{"name":"batente superior do amortecedor dianteiro direito","price":340}]"
43,"2024-11-04 21:00:00","gm onix 2018",gfd8208,Wilson,1621.00,"KM 73428",45,Finalizado,"[{"name":"revisao de oleo e filtros","price":140},{"name":"troca da pastilhas e discos","price":160},{"name":"higienizacao do ar","price":120},{"name":"troca de velas","price":90},{"name":"PECAS","price":0},{"name":"jogo de velas","price":140},{"name":"filtro de combustível","price":25},{"name":"filtro de óleo","price":28},{"name":"disco de freio","price":335},{"name":"pastilhas de freio","price":311},{"name":"4 litros de óleo","price":272}]"
44,"2024-11-06 11:26:44","GM SPIN 2022",EBS5D67,carlos,1819.00,"KM 288835",46,Finalizado,"[{"name":"Troca da bomba de agua valvola termostatica e kit correia dentada","price":480},{"name":"Troca do radiador","price":460},{"name":"Peças","price":0},{"name":"Boma de Agua original GM","price":280},{"name":"kit correia dentada","price":280},{"name":"correia elastica","price":128},{"name":"5 litros de agua desmineralizada","price":35},{"name":"aditivos para radiador","price":156}]"
45,"2024-11-06 16:03:20","BMW 320I 2019",LMU5B15,carlos,2978.00,"KM 35652",41,Finalizado,"[{"name":"revisao de oleo e filtos","price":280},{"name":"Troca das pastilhas traseira","price":240},{"name":"troca do suporte dos cabos do freio de mão","price":350},{"name":"higienização do ar condicionada","price":140},{"name":"Peças","price":0},{"name":"5 Litro de oleo de motor","price":390},{"name":"Um filto de oleo","price":136},{"name":"Filtro de ar do motor","price":125},{"name":"Filtro de combustivel","price":380},{"name":"Filtro de Ar  condicionado","price":191},{"name":"Pastilhas de freio traseiro","price":484},{"name":"Sensor da Pastilhas traseira","price":142},{"name":"Suporte dos cabos do freio de mão","price":120}]"
46,"2024-11-06 21:00:00","suzuki grand vitara 2010",ENH3B50,carlos,1642.00,"KM 94605",47,Finalizado,"[{"name":"Troca das pastilhas diantera","price":120},{"name":"Troca das pastilhas traseira","price":140},{"name":"Troca do filtro de ar do motor e filtro de cabine","price":80},{"name":"Troca das velas","price":80},{"name":"Higienização do A/C","price":120},{"name":"Limpeza do corpo de borboleta","price":80},{"name":"Peças","price":0},{"name":"Jogo de pastilhas dianteira","price":382},{"name":"Jogo de pastilhas traseira","price":368},{"name":"filtro de ar do motor","price":110},{"name":"Filtro do A/C","price":42},{"name":"Jogo de velas","price":120}]"
47,"2024-11-10 21:00:00","Honda Fit 2004",DNO5J20,carlos,2819.00,"KM 180744",41,Finalizado,"[{"name":"Troca de disco e pastilhas dianteira","price":160},{"name":"Troca das lonas e dois cilindros de freio traseiro","price":260},{"name":"Troca do fluido de freio","price":100},{"name":"Troca da homocinetica lado esquerdo","price":220},{"name":"Troca das 8 velas","price":160},{"name":"Peças","price":0},{"name":"2 jogos de velas","price":254},{"name":"jogo de disco de freio dianteiro","price":397},{"name":"jogo de pastilhas de ceramica dianteira","price":342},{"name":"2 cilindros de freio traseiro","price":185},{"name":"jogo de sapata de freio traseiro","price":311},{"name":"2 oleo de freio","price":100},{"name":"1 homocinetica lado esquerdo","price":330}]"
48,"2024-11-11 16:17:55","GM onix 2020",QQD2I25,carlos,608.00,"KM 56002",48,Finalizado,"[{"name":"Troca da homocinetica lado esquerdo","price":240},{"name":"peças","price":0},{"name":"homocinetica lado roda esquerdo","price":368}]"
49,"2024-11-11 16:21:44","Honda fit 2015",FPE1G07,carlos,80.00,"KM 81030 
peças fornecida pelo cliente",49,Finalizado,"[{"name":"Troca de oleo e filtro","price":80}]"
50,"2024-11-13 16:29:44","nissan livina 2010",mzv7d62,carlos,1330.00,"KM 141181",42,Finalizado,"[{"name":"Troca do kit correia dentada","price":750},{"name":"Peças","price":0},{"name":"Kit correia dentada","price":580}]"
51,"2024-11-13 16:39:30","Jeep compas 2018",GFI6D29,carlos,1914.00,"KM 99011
correia dentada trocada nas revisões da concessionaria pelo Cliente",50,Finalizado,"[{"name":"Revisão de oleos e filtros","price":280},{"name":"Troca da vela aquecedora cilindro1","price":120},{"name":"higienização do Ar condicionado","price":140},{"name":"Peças","price":0},{"name":"Oleo de motor","price":380},{"name":"Filtro de oleo do motor","price":98},{"name":"Filtro de ar do motor","price":120},{"name":"Filtro de cabine","price":96},{"name":"Filtro de combustivel diesel","price":348},{"name":"1 Vela aquecedora","price":332}]"
52,"2024-11-13 21:00:00","fiat mobi 2019",fdgoe25,Wilson,581.00,"KM 86626",51,Finalizado,"[{"name":"troca das velas e bobina de ignição","price":160},{"name":"PECAS","price":0},{"name":"bobina de ignição","price":211},{"name":"velas de ignição","price":210}]"
54,"2024-11-13 21:00:00","GM Montana 2012",FST1336,carlos,649.00,"KM 84024",53,Finalizado,"[{"name":"Troca de oleo e filtros","price":120},{"name":"troca do jogo de velas","price":80},{"name":"Peças","price":0},{"name":"oleo de motor","price":272},{"name":"filtro de oleo","price":28},{"name":"filtro de combustivel","price":28},{"name":"jogo de velas","price":121}]"
55,"2024-11-18 10:35:54","VW saveiro 2020",DSM3E69,carlos,930.00,"KM 58043",54,Finalizado,"[{"name":"Troca de velas cabos e bobina","price":140},{"name":"Peças","price":0},{"name":"jogo de velas","price":144},{"name":"jogo de cabos","price":268},{"name":"bobina","price":378}]"
56,"2024-11-18 16:20:18","audi Q3 2020",ETV4594,carlos,938.00,"KM 41676",55,Finalizado,"[{"name":"Revisão de oleo e Filtros e reaperto de suspenção","price":280},{"name":"higienização do ar condicionada","price":140},{"name":"Peças","price":0},{"name":"Oleo de motor","price":312},{"name":"Filtro de oleo","price":42},{"name":"Filtro de ar do motor","price":78},{"name":"Filtro de cabine","price":54},{"name":"Filtro de combustivel","price":32}]"
58,"2024-11-17 21:00:00","Toyota Etios 2020",GDI0J69,Miguel,753.00,"KM: 41624",56,Finalizado,"[{"name":"Peças","price":0},{"name":"4 litros de óleo (68 cada)","price":272},{"name":"Filtro de óleo","price":42},{"name":"Filtro de cabine","price":37},{"name":"Filtro de ar","price":54},{"name":"Filtro de combustível","price":28},{"name":"Fluído de freio DOT3","price":40},{"name":"Mão de obra","price":0},{"name":"Troca de óleo e filtros","price":160},{"name":"Higienização do ar condicionado","price":120}]"
60,"2024-11-18 18:08:31","GM opala 1978",DAU7181,carlos,2695.00,"KM 89817",57,Orçamento,"[{"name":"troca do filtro","price":80},{"name":"limpeza do  carburador","price":280},{"name":"Troca dos selos do cabeçote e do bloco","price":480},{"name":"Peças","price":0},{"name":"Oleo de motor","price":240},{"name":"Filtro de oleo","price":74},{"name":"Agulha do carburador","price":120},{"name":"membrana do carburador","price":30},{"name":"3 selos do cabeçote","price":38},{"name":"3selos do bloco","price":51},{"name":"Cola araldite","price":48},{"name":"1 bateria 70 AH","price":760},{"name":"80 litros de alcool","price":384},{"name":"Comutador da chave","price":110}]"
61,"2024-11-18 21:00:00","gm meriva 2012",eyl8540,Wilson,1599.00,"KM 104063",47,Finalizado,"[{"name":"revisão óleo e  filtros","price":160},{"name":"troca dos flexíveis dianteiros","price":180},{"name":"2 buchas da barra estabilizadora","price":160},{"name":"1 coifa da homocinética lado direito","price":220},{"name":"PECAS","price":0},{"name":"4 litros de óleo","price":272},{"name":"filtro de óleo","price":30},{"name":"filtro de ar do motor","price":57},{"name":"filtro de combustivel","price":25},{"name":"filtro do ar condicionado","price":32},{"name":"higienização do ar condicionado","price":120},{"name":"02 buchas da barra estabilizadora dianteira","price":108},{"name":"02 flexíveis dianteiro","price":137},{"name":"coifa da homocinética","price":40},{"name":"1 dot 4","price":58}]"
62,"2024-11-19 17:54:38","jeep compass 2020",fut6j36,Wilson,981.00,"KM 28260",59,Finalizado,"[{"name":"troca dos amortecedores dianteiro com batentes","price":780},{"name":"troca da bieleta dianteira lado esquerdo","price":90},{"name":"PECAS","price":0},{"name":"bieleta lado esquerdo","price":111},{"name":"amortecedor e batentes foram fornecidos pelo cliente","price":0}]"
63,"2024-11-20 10:49:36","Fiat Uno 2013",FGN8760,Miguel,836.50,"KM: 92089
OBS: Realizar a troca dos discos na próxima revisão",56,"Em Manutenção","[{"name":"Peças","price":0},{"name":"3 litros de óleo (54 cada)","price":162},{"name":"Filtro de óleo","price":28},{"name":"Filtro de ar","price":45},{"name":"Filtro de combustível","price":25},{"name":"Filtro de cabine","price":32},{"name":"Abraçadeira","price":8.5},{"name":"Tampa do tanque de combustível","price":85},{"name":"Mangueira da bomba de combustível","price":21},{"name":"Mão de obra","price":0},{"name":"Revisão","price":160},{"name":"Troca da tampa do tanque de combustível","price":150},{"name":"Higienização do ar condicionado","price":120}]"
64,"2024-11-19 21:00:00","Honda HRV 2018",FXE9C90,carlos,1018.00,"KM 130499",60,Finalizado,"[{"name":"Troca da bomba de combustivel e sensor de nivel","price":280},{"name":"Peças","price":0},{"name":"Bomba de combustivel","price":485},{"name":"sensor de nivel de combustivel","price":225},{"name":"Filtro de combustivel","price":28}]"
66,"2024-11-20 21:00:00","Mitsubishi TR4 2006",DSN5857,carlos,1602.00,"KM 189910",61,Finalizado,"[{"name":"Troca de disco e Pastilhas dianteira","price":240},{"name":"Peças","price":0},{"name":"Jogo de disco dianteiro","price":980},{"name":"Jogo de pastilhas dianteira","price":382}]"
67,"2024-11-20 21:00:00","renault oroch 2017",fkd6331,Wilson,1030.00,"KM 221955",62,Finalizado,"[{"name":"troca dos filtros e óleo","price":180},{"name":"troca do jogo de velas","price":120},{"name":"higienização do ar condicionado","price":120},{"name":"PECAS","price":0},{"name":"jogo de velas","price":140},{"name":"filtro do ar condicionado","price":40},{"name":"filtro de óleo","price":42},{"name":"filtro de ar do motor","price":92},{"name":"filtro de combustível","price":25},{"name":"5 litros de óleo","price":271}]"
68,"2024-11-21 21:00:00","fiat palio 2012 vermelho",evu8651,Wilson,672.00,"km 121256",63,Finalizado,"[{"name":"troca da correia dentada","price":380},{"name":"PECAS","price":0},{"name":"kit correia dentada","price":292}]"
69,"2024-11-21 21:00:00","GM Montana 2009",AQI4886,carlos,1198.00,"KM 272804",65,Orçamento,"[{"name":"Troca da bomba de agua kit correia dentada e valvola termostatica","price":380},{"name":"Peças","price":0},{"name":"Bomba de agua original","price":320},{"name":"Kit correia dentada","price":254},{"name":"valvola termostatica","price":115},{"name":"parafuso do tensor","price":31},{"name":"4 aditivos","price":98}]"
70,"2024-11-22 16:27:47","Honda Fit 2005",MQI7349,Miguel,402.00,"KM: 231645",66,"Em Manutenção","[{"name":"Peças","price":0},{"name":"Água desmineralizada","price":38},{"name":"Cano d'água","price":184},{"name":"Mão de obra","price":0},{"name":"Troca do cano d'água","price":180}]"
71,"2024-11-24 21:00:00","VW New beetle",ELL6B51,Miguel,625.00,"KM 149051",67,Orçamento,"[{"name":"Troca da coifa homocinetica lado esquerdo e remoção do suporte do coxin do cambio","price":400},{"name":"Peças","price":0},{"name":"coifa homocinetica","price":105},{"name":"serviço de usinagem","price":120}]"
72,"2024-11-24 21:00:00","Honda CRV 2011",EUT8B87,carlos,3585.00,"KM 180622",67,Finalizado,"[{"name":"Troca de oleo e filtro mais filtro de cabine","price":120},{"name":"Troca dos dois amortecedor traseiro","price":480},{"name":"remoção do radiador","price":350},{"name":"Troca das palhetas dianteira e traseira","price":50},{"name":"higienização do ar condicionado","price":140},{"name":"Peças","price":0},{"name":"Oleo de motor","price":390},{"name":"Filtro de oleo","price":40},{"name":"Filtro de ar condicionado","price":32},{"name":"2 amortecedor traseiro","price":990},{"name":"palhetas dianteira e traseira","price":193},{"name":"Serviço de reparo do radiador","price":550},{"name":"Aditivo para radiador original honda","price":250}]"
73,"2024-11-25 17:58:44","fiesta preto 2003",dja5y21,Wilson,3434.00,"km 200846",68,Orçamento,"[{"name":"troca da tampa de válvulas","price":150},{"name":"troca da bomba de agua","price":220},{"name":"troca do rolamento de roda lado direito","price":190},{"name":"revisão de óleo e filtros","price":160},{"name":"troca dos amortecedores e batentes  traseiros","price":280},{"name":"remocaoe instalação do quadro da suspensão","price":420},{"name":"PECAS","price":0},{"name":"rolamento de roda lado direito","price":128},{"name":"4 litros de oleo","price":272},{"name":"filtro de oleo","price":32},{"name":"filtro de ar do motor","price":42},{"name":"filtro de combustível","price":31},{"name":"1 litro de óleo de direção hidráulica","price":60},{"name":"par de amortecedores traseiros","price":568},{"name":"kit amortecedor traseiro par","price":331},{"name":"bomba de agua","price":168},{"name":"tampa de valvulas","price":382}]"
74,"2024-11-25 21:00:00","onix branco 2017 ",bem4g21,Wilson,997.00,"km 23279",69,Orçamento,"[{"name":"troca dos filtros de ar ,combustível e cabine","price":130},{"name":"troca do jogo de velas","price":90},{"name":"troca das pastilhas de freio dianteira","price":120},{"name":"PECAS","price":0},{"name":"filtro de combustivel","price":25},{"name":"filtro de ar","price":54},{"name":"filtro de cabine","price":32},{"name":"jogo de velas","price":121},{"name":"pastilhas de freio","price":125},{"name":"remoção e instalação do catalizador","price":300}]"
75,"2024-11-26 15:44:39","Hyundai HB20 2016",PXC1C52,carlos,502.00,"KM 171938",70,Finalizado,"[{"name":"Troca das lonas de freio","price":220},{"name":"Peças","price":0},{"name":"Jogo de lonas de freio traseiro","price":282}]"
76,"2024-11-26 16:01:40","Fiat Doblo 2017",GDC7C16,carlos,395.00,"KM 95149",71,Orçamento,"[{"name":"Anulação do ar quante","price":120},{"name":"Troca do batente traseiro","price":60},{"name":"Peças","price":0},{"name":"Batente traseiro","price":110},{"name":"3 Aditivos","price":105}]"
77,"2024-11-25 21:00:00","nissan sentra prata 2018",giq1g93,Wilson,647.00,,72,Orçamento,"[{"name":"troca da caixa de direcao","price":480},{"name":"troca da correia de acessórios","price":70},{"name":"PECAS","price":0},{"name":"correia de acessórios","price":97}]"
78,"2024-11-26 21:00:00","GM Cruze 2014",FMP7F11,carlos,1210.00,"KM 156967",73,Finalizado,"[{"name":"Troca de oleo e filtro","price":80},{"name":"Troca da engrenagem do comando de adimição","price":250},{"name":"Troca das buchas da barra estabelizadora","price":100},{"name":"Troca da lampadas de farol","price":50},{"name":"Peças","price":0},{"name":"Duas buchas da barra estabelizadora","price":98},{"name":"Duas lampadas de farol","price":60},{"name":"duas lampadas de farol de milha","price":46},{"name":"junta da tampa de valvola","price":168},{"name":"oleo do motor","price":306},{"name":"filtro de oleo","price":52}]"
79,"2024-11-26 21:00:00","GM Cruze 2014",ada8989,carlos,886.00,,74,Finalizado,"[{"name":"Toca da bucha da barra estabelizadora","price":100},{"name":"Troca de oleo e filtro","price":80},{"name":"Troca das duas engrenagem dos comandos","price":250},{"name":"oleo do motor","price":306},{"name":"filtro de oleo","price":52},{"name":"duas bucha da barra estabelizadora","price":98}]"
81,"2024-11-27 18:31:23","Jeep Renegade 2019",GIX2075,Miguel,1754.00,"KM: 79540",75,"Em Manutenção","[{"name":"Peças","price":0},{"name":"Trocador de calor do câmbio","price":564},{"name":"5 Aditivos pronto/ uso (32 cada)","price":160},{"name":"5 Litros de óleo 5w30 (68 cada)","price":340},{"name":"Filtro de ar","price":78},{"name":"filtro de cabine","price":35},{"name":"filtro de combustível","price":25},{"name":"filtro de óleo","price":42},{"name":"Mão de obra","price":0},{"name":"Troca do trocador de calor do câmbio","price":230},{"name":"Revisão","price":160},{"name":"Higienização do ar condicionado","price":120}]"
82,"2024-11-28 12:11:42","GM Vectra 2006",DSJ9047,carlos,2491.00,"KM 269427",76,Finalizado,"[{"name":"Troca de velas cabos e bobinas","price":180},{"name":"Troca das pastilhas diantera","price":120},{"name":"Troca da coifa homocinetica lado esquerdo","price":180},{"name":"Troca da boia do tanque","price":160},{"name":"Troca de oleo e filtro","price":80},{"name":"Peças","price":0},{"name":"Jogo de velas","price":128},{"name":"Jogo de cabos de velas","price":330},{"name":"bobina de ignição","price":260},{"name":"sensor de nivel de combustivel","price":225},{"name":"Filtro de oleo","price":42},{"name":"Coifa da homocinetica","price":60},{"name":"Jogo de pastilhas dianteira","price":420},{"name":"oleo de motor","price":306}]"
83,"2024-11-28 12:58:16","Volkswagen Virtus Highline 2022",RFV2E46,Miguel,777.00,"KM: 50924",77,"Em Manutenção","[{"name":"Peças","price":0},{"name":"4 litros de óleo 5W40 (78 cada)","price":312},{"name":"filtro de óleo","price":42},{"name":"filtro de ar","price":78},{"name":"filtro de cabine","price":40},{"name":"filtro de combustível","price":25},{"name":"Mão de obra","price":0},{"name":"Revisão","price":160},{"name":"Higienização do ar condicionado","price":120}]"
84,"2024-11-28 13:48:16","gol g5 2009 preto",eei2964,Wilson,658.00,254117,78,Finalizado,"[{"name":"troca do cilindro mestre","price":220},{"name":"PECAS","price":0},{"name":"cilindro mestre","price":378},{"name":"fluido de freio","price":60}]"
85,"2024-11-28 15:54:36","gm onix prata 2016",gcg1g22,Wilson,1822.00,"km 180849",79,Finalizado,"[{"name":"troca do kit correia dentada","price":480},{"name":"troca de pastilhas e discos dianteiras","price":160},{"name":"troca do coxim superior direito do motor","price":0},{"name":"troca da tampa da correia dentada","price":0},{"name":"correia do alternador","price":0},{"name":"correia do compressor do ar","price":0},{"name":"PECAS","price":0},{"name":"kit correia dentada","price":254},{"name":"disco e pastilhas fornecidas pelo cliente","price":0},{"name":"tampa da correia dentada","price":168},{"name":"coxim do motor lado direito superior","price":511},{"name":"correia do alternador","price":121},{"name":"correia do compressor do ar condicionado","price":128},{"name":"OBS: CLIENTE ESTA  AVISADO QUE HA UMA POSSIBILIDADE DE HAVER VAZAMENTO DE AGUA NA BOMBA SW AGUA OU MAL FUNCIONAMENTO NA VALVULA TERMOSTATICA","price":0}]"
86,"2024-11-29 10:40:08","FIAT Toro 2021",EDI4A93,carlos,2716.00,"KM 67918",80,Finalizado,"[{"name":"Revisão de oleo e filtro","price":160},{"name":"Limpeza do freio traseiro","price":100},{"name":"Troca da bomba de agua com rolamento","price":480},{"name":"higienização do ar condicionado","price":120},{"name":"Peças","price":0},{"name":"oleo de motor","price":340},{"name":"Filtro de oleo","price":42},{"name":"Filtro de ar do motor","price":78},{"name":"Filtro de combustivel","price":28},{"name":"Filtro de cabine","price":35},{"name":"Bomba de agua com rolamento","price":1150},{"name":"agua desmineralizada","price":35},{"name":"aditivos para radiador","price":148}]"
87,"2024-11-29 15:41:00","toyota corolla preto 2005",fpr0444,Wilson,2408.00,"km 53100",81,Finalizado,"[{"name":"troca da coifa da tulipa lado direito","price":240},{"name":"coifa da tulipa lado esquerdo","price":240},{"name":"troca da correia do alternador","price":70},{"name":"troca das velas de ignição","price":80},{"name":"troca de óleo e filtros","price":180},{"name":"troca das pastilhas de freio dianteiras","price":120},{"name":"troca das pastilhas traseira","price":120},{"name":"higienização do ar condicionado","price":120},{"name":"PECAS","price":0},{"name":"2 coifas da trizeta","price":114},{"name":"correia do alternador","price":85},{"name":"jogo de velas","price":157},{"name":"4 litros de óleo de motor","price":331},{"name":"pastilhas de freio dianteira","price":311},{"name":"pastilhas de freio traseiras","price":240}]"
88,"2024-11-29 17:35:30","VW Bora 2001",DFR6G58,carlos,1052.00,"KM 104403",82,Finalizado,"[{"name":"Revisão de oleo e filtros","price":160},{"name":"Higienização de Ar condicionado","price":120},{"name":"Peças","price":0},{"name":"oleo de motor","price":390},{"name":"Filtro de oelo","price":33},{"name":"filtro de ar do motor","price":68},{"name":"filtro de cabine","price":35},{"name":"filtro de combustivel","price":60},{"name":"oleo de cambio","price":186}]"
